{
    "pororo-ab": [],
    "pororo-ex": [
        0.8161549896939588,
        0.8375386370500829,
        0.4762065315112774,
        0.46967967150218365,
        0.3570260683325495,
        0.4551942137025309,
        0.5636208979246303,
        0.5927091713115619,
        0.14818989848715083,
        0.39707034857782114,
        0.5208609840831998,
        0.3506858005617795,
        0.08407145470034479,
        0.6171652372508284,
        0.45460241033797066,
        0.2533133182994942,
        0.4554177773109122,
        0.4537536973872995,
        0.7625130568291262,
        0.3917248032457146,
        0.4762703815945349,
        0.8228886805364627,
        0.465811133963485,
        0.46430292366097614,
        0.41739330088408827,
        0.5593727318448699,
        0.3526050801015354,
        0.40731403172902364,
        0.5757425781926904,
        0.2145351834204675,
        0.26794024840500613,
        0.42312539626425866,
        0.5384053370573872,
        0.7339839790446153,
        0.025662376050551373,
        0.32830715031068824,
        0.6174014907459249,
        0.7759934764428182,
        0.5101458681061273,
        0.7527748189548701,
        0.5547418527374559,
        0.5406083490598993,
        0.6668535948330367,
        0.2712808100906236,
        0.36059252908303235,
        0.6033256235701431,
        0.6313430330365444,
        0.7571129939416893,
        0.1923825966707334,
        0.4657652354943666
    ],
    "kobart-ab": [],
    "kobert-ex": [
        0,
        0.6644375494656923,
        0,
        0,
        0,
        0.5430696623321192,
        0.4499662838306569,
        0.49083196107754024,
        0,
        0,
        0,
        0.439736490365439,
        0,
        0.3324089603262791,
        0.6287949878494419,
        0.6763384282774917,
        0,
        0.5873119448686165,
        0.5962880242079127,
        0,
        0.5029545767014395,
        0.713314689402492,
        0,
        0,
        0,
        0.6020064863695925,
        0.6035228104055498,
        0.4177205233815799,
        0,
        0,
        0,
        0,
        0,
        0.7453929811177779,
        0.36147483452400647,
        0,
        0,
        0.4354447576661347,
        0,
        0,
        0.5997120246500965,
        0,
        0.5493137366335097,
        0,
        0,
        0.588843458665925,
        0,
        0.6301851234957794,
        0,
        0
    ]
}