{
    "pororo-ab": [
        0,
        0,
        0,
        0,
        0
    ],
    "pororo-ex": [
        0,
        0,
        0,
        0,
        0
    ],
    "kobart-ab": [
        0,
        0,
        0,
        0,
        0
    ],
    "kobert-ex": [
        0,
        0,
        0,
        0,
        0
    ],
    "textrank": [
        0.17970762853123057,
        0.7060032123658667,
        0.5456336885698413,
        0.4204196898177743,
        0.7034232120361263
    ]
}