{
    "pororo-ab": [],
    "pororo-ex": [
        0.06782221794128418,
        0.026990175247192383,
        0.050134897232055664,
        0.08952116966247559,
        0.07720637321472168,
        0.03615283966064453,
        0.04725980758666992,
        0.06222271919250488,
        0.10380721092224121,
        0.06421828269958496,
        0.07477450370788574,
        0.02942681312561035,
        0.07983064651489258,
        0.037465810775756836,
        0.034496307373046875,
        0.03447675704956055,
        0.08400440216064453,
        0.04862785339355469,
        0.05046820640563965,
        0.07718300819396973,
        0.04288911819458008,
        0.025357484817504883,
        0.08170962333679199,
        0.06444907188415527,
        0.0781400203704834,
        0.03380322456359863,
        0.034046173095703125,
        0.030388593673706055,
        0.05318188667297363,
        0.0759432315826416,
        0.07221579551696777,
        0.07238173484802246,
        0.0804750919342041,
        0.024938106536865234,
        0.04957437515258789,
        0.09886789321899414,
        0.06133246421813965,
        0.0436091423034668,
        0.06040310859680176,
        0.06137228012084961,
        0.04154062271118164,
        0.05982828140258789,
        0.041742801666259766,
        0.09415793418884277,
        0.06366443634033203,
        0.026165246963500977,
        0.06912112236022949,
        0.0501856803894043,
        0.0670468807220459,
        0.06982588768005371
    ],
    "kobart-ab": [],
    "kobert-ex": [
        1.8911006450653076,
        2.0371432304382324,
        1.7821202278137207,
        1.7157154083251953,
        1.8229525089263916,
        1.9553942680358887,
        2.044420003890991,
        2.0806984901428223,
        1.747269868850708,
        1.8518896102905273,
        1.7427539825439453,
        1.932605266571045,
        1.7575058937072754,
        1.9304368495941162,
        1.9142048358917236,
        1.9812629222869873,
        1.8386070728302002,
        2.0113844871520996,
        2.142157554626465,
        1.7527501583099365,
        2.0705502033233643,
        1.9171831607818604,
        1.7579302787780762,
        1.7768468856811523,
        1.7399013042449951,
        1.935459852218628,
        2.050210475921631,
        1.9262189865112305,
        1.8298859596252441,
        1.8409361839294434,
        1.7421088218688965,
        1.8032324314117432,
        1.7748279571533203,
        1.901667594909668,
        2.0545406341552734,
        1.803013563156128,
        1.739269733428955,
        2.245560884475708,
        1.941361904144287,
        1.8420929908752441,
        2.1751437187194824,
        2.8214831352233887,
        1.9872889518737793,
        1.7139410972595215,
        1.814222812652588,
        1.9386038780212402,
        1.8106749057769775,
        2.0567879676818848,
        1.8601336479187012,
        1.8979051113128662
    ]
}