{
    "pororo-ab": [
        1.1797840595245361,
        0.00144195556640625,
        0.003534078598022461,
        0.0029449462890625,
        0.0026590824127197266
    ],
    "pororo-ex": [
        0.03518223762512207,
        0.005737781524658203,
        0.009354591369628906,
        0.01088094711303711,
        0.01196599006652832
    ],
    "kobart-ab": [
        0.13320636749267578,
        0.08665585517883301,
        0.13041210174560547,
        0.1847536563873291,
        0.1541733741760254
    ],
    "kobert-ex": [
        7.253954887390137,
        7.047107458114624,
        7.094939947128296,
        7.0504372119903564,
        7.081796407699585
    ],
    "textrank": [
        0.06653022766113281,
        0.009622335433959961,
        0.01584792137145996,
        0.0159914493560791,
        0.021724462509155273
    ],
    "CF-score": [
        3.0994415283203125e-06,
        2.6226043701171875e-06,
        2.86102294921875e-06,
        2.384185791015625e-06,
        2.86102294921875e-06
    ],
    "Keyword": [
        0.09049677848815918,
        0.20455241203308105,
        0.00722503662109375,
        0.08988451957702637,
        0.008357048034667969
    ]
}